	 	 	 	 EMG, ECG, EDA EEG and ACC Recorded Data 

	 No.Sample    	 EMG (mV)  	 	  ECG (mV)  	  	 EDA (uS)  	 	  EEG (uV)     	 	  ACC (g)

 	 0   		 0.0908    	 	 -1.4941   		 0.0000   		 -41.2500    		 -3.0000 
 	 1   		 0.1516    	 	 -1.4941   		 0.0000   		 -41.2500    		 -3.0000 
 	 2   		 0.1388    	 	 -1.4971   		 0.0000   		 -41.2500    		 -3.0000 
 	 3   		 -0.0020    	 	 -1.4971   		 0.0000   		 -41.2500    		 -3.0000 
 	 4   		 0.1676    	 	 -1.4971   		 0.0000   		 -41.2500    		 -3.0000 
 	 5   		 -0.1524    	 	 -1.5000   		 0.0000   		 -41.2500    		 -3.0000 
 	 6   		 0.3564    	 	 -1.4941   		 0.0000   		 -41.2500    		 -3.0000 
 	 7   		 -0.3732    	 	 -1.4971   		 0.0000   		 -41.2500    		 -3.0000 
 	 8   		 0.1516    	 	 -1.4971   		 0.0000   		 -41.2500    		 -3.0000 
 	 9   		 0.0972    	 	 -1.4971   		 0.0000   		 -41.2500    		 -3.0000 
 	 10   		 0.0812    	 	 -1.4971   		 0.0000   		 -41.2500    		 -3.0000 
 	 11   		 0.1484    	 	 -1.5000   		 0.0000   		 -41.2500    		 -3.0000 
 	 12   		 0.0876    	 	 -1.4971   		 0.0000   		 -41.2500    		 -3.0000 
 	 13   		 0.1292    	 	 -1.4971   		 0.0000   		 -41.2500    		 -3.0000 
 	 14   		 0.0908    	 	 -1.4971   		 0.0000   		 -41.2500    		 -3.0000 
 	 15   		 0.0524    	 	 -1.4971   		 0.0000   		 -41.2500    		 -3.0000 
 	 16   		 0.1356    	 	 -1.4941   		 0.0000   		 -41.2500    		 -3.0000 
 	 17   		 0.1324    	 	 -1.4941   		 0.0000   		 -41.2500    		 -3.0000 
 	 18   		 0.0268    	 	 -1.4971   		 0.0000   		 -41.2500    		 -3.0000 
 	 19   		 0.1452    	 	 -1.4941   		 0.0000   		 -41.2500    		 -3.0000 
 	 20   		 -0.1908    	 	 -1.4971   		 0.0000   		 -41.2500    		 -3.0000 
 	 21   		 0.2892    	 	 -1.4971   		 0.0000   		 -41.2500    		 -3.0000 
 	 22   		 0.1804    	 	 -1.4971   		 0.0000   		 -41.2500    		 -3.0000 
 	 23   		 0.0812    	 	 -1.4971   		 0.0000   		 -41.2500    		 -3.0000 
 	 24   		 0.3404    	 	 -1.4971   		 0.0000   		 -41.2500    		 -3.0000 
 	 25   		 0.1868    	 	 -1.4971   		 0.0000   		 -41.2500    		 -3.0000 
 	 26   		 0.1324    	 	 -1.4971   		 0.0000   		 -41.2500    		 -3.0000 
 	 27   		 0.2988    	 	 -1.4941   		 0.0000   		 -41.2500    		 -3.0000 
 	 28   		 -0.3252    	 	 -1.5000   		 0.0000   		 -41.2500    		 -3.0000 
 	 29   		 0.4076    	 	 -1.4971   		 0.0000   		 -41.2500    		 -3.0000 
 	 30   		 -0.2964    	 	 -1.4971   		 0.0000   		 -41.2500    		 -3.0000 
 	 31   		 0.0588    	 	 -1.4971   		 0.0000   		 -41.2500    		 -3.0000 
 	 32   		 -0.3924    	 	 -1.4971   		 0.0000   		 -41.2500    		 -3.0000 
 	 33   		 -0.3444    	 	 -1.4971   		 0.0000   		 -41.2500    		 -3.0000 
 	 34   		 0.2828    	 	 -1.4971   		 0.0000   		 -41.2500    		 -3.0000 
 	 35   		 0.3596    	 	 -1.4971   		 0.0000   		 -41.2500    		 -3.0000 
 	 36   		 0.0300    	 	 -1.4971   		 0.0000   		 -41.2500    		 -3.0000 
 	 37   		 -0.1108    	 	 -1.4971   		 0.0000   		 -41.2500    		 -3.0000 
 	 38   		 -0.0692    	 	 -1.4971   		 0.0000   		 -41.2500    		 -3.0000 
 	 39   		 0.1260    	 	 -1.4971   		 0.0000   		 -41.2500    		 -3.0000 
 	 40   		 -0.4916    	 	 -1.4971   		 0.0000   		 -41.2500    		 -3.0000 
 	 41   		 -0.3988    	 	 -1.4971   		 0.0000   		 -41.2500    		 -3.0000 
 	 42   		 -0.0372    	 	 -1.4971   		 0.0000   		 -41.2500    		 -3.0000 
 	 43   		 -0.3540    	 	 -1.4971   		 0.0000   		 -41.2500    		 -3.0000 
 	 44   		 -0.1940    	 	 -1.4971   		 0.0000   		 -41.2500    		 -3.0000 
 	 45   		 -0.1908    	 	 -1.4971   		 0.0000   		 -41.2500    		 -3.0000 
 	 46   		 -0.0692    	 	 -1.4971   		 0.0000   		 -41.2500    		 -3.0000 
 	 47   		 0.2956    	 	 -1.4971   		 0.0000   		 -41.2500    		 -3.0000 
 	 48   		 -0.2356    	 	 -1.4971   		 0.0000   		 -41.2500    		 -3.0000 
 	 49   		 0.2988    	 	 -1.4971   		 0.0000   		 -41.2500    		 -3.0000 
 	 50   		 -0.3284    	 	 -1.5000   		 0.0000   		 -41.2500    		 -3.0000 
 	 51   		 -0.0564    	 	 -1.4971   		 0.0000   		 -41.2500    		 -3.0000 
 	 52   		 0.3724    	 	 -1.4941   		 0.0000   		 -41.2500    		 -3.0000 
 	 53   		 -0.0916    	 	 -1.5000   		 0.0000   		 -41.2500    		 -3.0000 
 	 54   		 -0.1844    	 	 -1.4971   		 0.0000   		 -41.2500    		 -3.0000 
 	 55   		 0.0972    	 	 -1.4941   		 0.0000   		 -41.2500    		 -3.0000 
 	 56   		 0.2220    	 	 -1.4941   		 0.0000   		 -41.2500    		 -3.0000 
 	 57   		 0.2316    	 	 -1.4971   		 0.0000   		 -41.2500    		 -3.0000 
 	 58   		 0.3916    	 	 -1.4941   		 0.0000   		 -41.2500    		 -3.0000 
 	 59   		 0.7404    	 	 -1.4971   		 0.0000   		 -41.2500    		 -3.0000 
 	 60   		 -0.3092    	 	 -1.4971   		 0.0000   		 -41.2500    		 -3.0000 
 	 61   		 -0.3572    	 	 -1.4971   		 0.0000   		 -41.2500    		 -3.0000 
 	 62   		 0.0428    	 	 -1.4971   		 0.0000   		 -41.2500    		 -3.0000 
 	 63   		 0.2316    	 	 -1.4971   		 0.0000   		 -41.2500    		 -3.0000 
 	 64   		 -0.0340    	 	 -1.4971   		 0.0000   		 -41.2500    		 -3.0000 
 	 65   		 -0.2708    	 	 -1.4971   		 0.0000   		 -41.2500    		 -3.0000 
 	 66   		 -0.1524    	 	 -1.4971   		 0.0000   		 -41.2500    		 -3.0000 
 	 67   		 0.0236    	 	 -1.4971   		 0.0000   		 -41.2500    		 -3.0000 
 	 68   		 0.4716    	 	 -1.4941   		 0.0000   		 -41.2500    		 -3.0000 
 	 69   		 0.2540    	 	 -1.4971   		 0.0000   		 -41.2500    		 -3.0000 
 	 70   		 -0.0788    	 	 -1.4971   		 0.0000   		 -41.2500    		 -3.0000 
 	 71   		 -1.2340    	 	 -1.5000   		 0.0000   		 -41.2500    		 -3.0000 
 	 72   		 -0.1204    	 	 -1.4971   		 0.0000   		 -41.2500    		 -3.0000 
 	 73   		 0.6220    	 	 -1.4941   		 0.0000   		 -41.2500    		 -3.0000 
 	 74   		 0.8748    	 	 -1.4912   		 0.0000   		 -41.2500    		 -3.0000 
 	 75   		 -1.1124    	 	 -1.5000   		 0.0000   		 -41.2500    		 -3.0000 
 	 76   		 -0.3252    	 	 -1.5000   		 0.0000   		 -41.2500    		 -3.0000 
 	 77   		 -0.1556    	 	 -1.5000   		 0.0000   		 -41.2500    		 -3.0000 
 	 78   		 -0.0724    	 	 -1.4971   		 0.0000   		 -41.2500    		 -3.0000 
 	 79   		 0.0588    	 	 -1.4971   		 0.0000   		 -41.2500    		 -3.0000 
 	 80   		 -0.1012    	 	 -1.4971   		 0.0000   		 -41.2500    		 -3.0000 
 	 81   		 -0.0436    	 	 -1.4971   		 0.0000   		 -41.2500    		 -3.0000 
 	 82   		 0.0172    	 	 -1.4941   		 0.0000   		 -41.2500    		 -3.0000 
 	 83   		 0.0012    	 	 -1.4971   		 0.0000   		 -41.2500    		 -3.0000 
 	 84   		 0.0332    	 	 -1.4971   		 0.0000   		 -41.2500    		 -3.0000 
 	 85   		 -0.1844    	 	 -1.4971   		 0.0000   		 -41.2500    		 -3.0000 
 	 86   		 0.0364    	 	 -1.4971   		 0.0000   		 -41.2500    		 -3.0000 
 	 87   		 0.2668    	 	 -1.4941   		 0.0000   		 -41.2500    		 -3.0000 
 	 88   		 -0.0564    	 	 -1.4971   		 0.0000   		 -41.2500    		 -3.0000 
 	 89   		 -0.0244    	 	 -1.4971   		 0.0000   		 -41.2500    		 -3.0000 
 	 90   		 -0.0180    	 	 -1.4971   		 0.0000   		 -41.2500    		 -3.0000 
 	 91   		 -0.0148    	 	 -1.4971   		 0.0000   		 -41.2500    		 -3.0000 
 	 92   		 0.0012    	 	 -1.4971   		 0.0000   		 -41.2500    		 -3.0000 
 	 93   		 -0.0436    	 	 -1.4971   		 0.0000   		 -41.2500    		 -3.0000 
 	 94   		 -0.0468    	 	 -1.4971   		 0.0000   		 -41.2500    		 -3.0000 
 	 95   		 -0.1428    	 	 -1.4971   		 0.0000   		 -41.2500    		 -3.0000 
 	 96   		 -0.0372    	 	 -1.4971   		 0.0000   		 -41.2500    		 -3.0000 
 	 97   		 -0.0372    	 	 -1.4971   		 0.0000   		 -41.2500    		 -3.0000 
 	 98   		 -0.2804    	 	 -1.4971   		 0.0000   		 -41.2500    		 -3.0000 
 	 99   		 -0.0724    	 	 -1.4971   		 0.0000   		 -41.2500    		 -3.0000 
 	 100   		 0.0460    	 	 -1.4971   		 0.0000   		 -41.2500    		 -3.0000 
 	 101   		 -0.1012    	 	 -1.5000   		 0.0000   		 -41.2500    		 -3.0000 
 	 102   		 -0.0628    	 	 -1.4971   		 0.0000   		 -41.2500    		 -3.0000 
 	 103   		 -0.0596    	 	 -1.4971   		 0.0000   		 -41.2500    		 -3.0000 
 	 104   		 -0.0724    	 	 -1.4971   		 0.0000   		 -41.2500    		 -3.0000 
 	 105   		 -0.1012    	 	 -1.5000   		 0.0000   		 -41.2500    		 -3.0000 
 	 106   		 -0.1876    	 	 -1.4971   		 0.0000   		 -41.2500    		 -3.0000 
 	 107   		 -0.1620    	 	 -1.4971   		 0.0000   		 -41.2500    		 -3.0000 
 	 108   		 -0.2196    	 	 -1.4971   		 0.0000   		 -41.2500    		 -3.0000 
 	 109   		 -0.0884    	 	 -1.4971   		 0.0000   		 -41.2500    		 -3.0000 
 	 110   		 -0.1172    	 	 -1.4971   		 0.0000   		 -41.2500    		 -3.0000 
 	 111   		 -0.1268    	 	 -1.4971   		 0.0000   		 -41.2500    		 -3.0000 
 	 112   		 -0.1716    	 	 -1.4971   		 0.0000   		 -41.2500    		 -3.0000 
 	 113   		 -0.1460    	 	 -1.4971   		 0.0000   		 -41.2500    		 -3.0000 
 	 114   		 -0.1908    	 	 -1.4971   		 0.0000   		 -41.2500    		 -3.0000 
 	 115   		 -0.1332    	 	 -1.4971   		 0.0000   		 -41.2500    		 -3.0000 
 	 116   		 -0.2036    	 	 -1.4971   		 0.0000   		 -41.2500    		 -3.0000 
 	 117   		 -0.1524    	 	 -1.4971   		 0.0000   		 -41.2500    		 -3.0000 
 	 118   		 -0.2132    	 	 -1.4971   		 0.0000   		 -41.2500    		 -3.0000 
 	 119   		 -0.2036    	 	 -1.4971   		 0.0000   		 -41.2500    		 -3.0000 
 	 120   		 -0.4788    	 	 -1.4971   		 0.0000   		 -41.2500    		 -3.0000 
 	 121   		 -0.2132    	 	 -1.4971   		 0.0000   		 -41.2500    		 -3.0000 
 	 122   		 -0.2164    	 	 -1.4971   		 0.0000   		 -41.2500    		 -3.0000 
 	 123   		 -0.1908    	 	 -1.5000   		 0.0000   		 -41.2500    		 -3.0000 
 	 124   		 -0.2356    	 	 -1.4971   		 0.0000   		 -41.2500    		 -3.0000 
 	 125   		 -0.2676    	 	 -1.5000   		 0.0000   		 -41.2500    		 -3.0000 
 	 126   		 -0.2196    	 	 -1.4971   		 0.0000   		 -41.2500    		 -3.0000 
 	 127   		 -0.2580    	 	 -1.4971   		 0.0000   		 -41.2500    		 -3.0000 
 	 128   		 -0.2996    	 	 -1.5000   		 0.0000   		 -41.2500    		 -3.0000 
 	 129   		 -0.2996    	 	 -1.5000   		 0.0000   		 -41.2500    		 -3.0000 
 	 130   		 -0.2708    	 	 -1.4971   		 0.0000   		 -41.2500    		 -3.0000 
 	 131   		 -0.3092    	 	 -1.4971   		 0.0000   		 -41.2500    		 -3.0000 
 	 132   		 -0.2772    	 	 -1.5000   		 0.0000   		 -41.2500    		 -3.0000 
 	 133   		 -0.2932    	 	 -1.4971   		 0.0000   		 -41.2500    		 -3.0000 
 	 134   		 -0.3700    	 	 -1.4971   		 0.0000   		 -41.2500    		 -3.0000 
 	 135   		 -0.3412    	 	 -1.4971   		 0.0000   		 -41.2500    		 -3.0000 
 	 136   		 -0.3124    	 	 -1.4971   		 0.0000   		 -41.2500    		 -3.0000 
 	 137   		 -0.2964    	 	 -1.4971   		 0.0000   		 -41.2500    		 -3.0000 
 	 138   		 -0.3348    	 	 -1.5000   		 0.0000   		 -41.2500    		 -3.0000 
 	 139   		 -0.3700    	 	 -1.4971   		 0.0000   		 -41.2500    		 -3.0000 
 	 140   		 -0.2708    	 	 -1.4971   		 0.0000   		 -41.2500    		 -3.0000 
 	 141   		 -0.2708    	 	 -1.4971   		 0.0000   		 -41.2500    		 -3.0000 
 	 142   		 -0.2708    	 	 -1.4971   		 0.0000   		 -41.2500    		 -3.0000 
 	 143   		 -0.2644    	 	 -1.4971   		 0.0000   		 -41.2500    		 -3.0000 
 	 144   		 -0.3028    	 	 -1.4971   		 0.0000   		 -41.2500    		 -3.0000 
 	 145   		 -0.2228    	 	 -1.4971   		 0.0000   		 -41.2500    		 -3.0000 
 	 146   		 -0.2932    	 	 -1.4971   		 0.0000   		 -41.2500    		 -3.0000 
 	 147   		 -0.2324    	 	 -1.5000   		 0.0000   		 -41.2500    		 -3.0000 
 	 148   		 -0.2836    	 	 -1.4971   		 0.0000   		 -41.2500    		 -3.0000 
 	 149   		 -0.2644    	 	 -1.5000   		 0.0000   		 -41.2500    		 -3.0000 
 	 150   		 -0.2036    	 	 -1.4971   		 0.0000   		 -41.2500    		 -3.0000 
 	 151   		 -0.2708    	 	 -1.4971   		 0.0000   		 -41.2500    		 -3.0000 
 	 152   		 -0.0660    	 	 -1.4971   		 0.0000   		 -41.2500    		 -3.0000 
 	 153   		 -0.0372    	 	 -1.5000   		 0.0000   		 -41.2500    		 -3.0000 
 	 154   		 -0.2612    	 	 -1.5000   		 0.0000   		 -41.2500    		 -3.0000 
 	 155   		 -0.3060    	 	 -1.4971   		 0.0000   		 -41.2500    		 -3.0000 
 	 156   		 -0.2388    	 	 -1.4971   		 0.0000   		 -41.2500    		 -3.0000 
 	 157   		 -0.0212    	 	 -1.4971   		 0.0000   		 -41.2500    		 -3.0000 
 	 158   		 0.2156    	 	 -1.4971   		 0.0000   		 -41.2500    		 -3.0000 
 	 159   		 -0.1876    	 	 -1.4971   		 0.0000   		 -41.2500    		 -3.0000 
 	 160   		 -0.2964    	 	 -1.4971   		 0.0000   		 -41.2500    		 -3.0000 
 	 161   		 -0.3476    	 	 -1.4971   		 0.0000   		 -41.2500    		 -3.0000 
 	 162   		 -0.3348    	 	 -1.4971   		 0.0000   		 -41.2500    		 -3.0000 
 	 163   		 -0.2676    	 	 -1.4971   		 0.0000   		 -41.2500    		 -3.0000 
 	 164   		 -0.2164    	 	 -1.4971   		 0.0000   		 -41.2500    		 -3.0000 
 	 165   		 -0.3444    	 	 -1.4971   		 0.0000   		 -41.2500    		 -3.0000 
 	 166   		 -0.3444    	 	 -1.4971   		 0.0000   		 -41.2500    		 -3.0000 
 	 167   		 -0.3444    	 	 -1.5000   		 0.0000   		 -41.2500    		 -3.0000 
 	 168   		 -0.2388    	 	 -1.4971   		 0.0000   		 -41.2500    		 -3.0000 
 	 169   		 0.9772    	 	 -1.4912   		 0.0000   		 -41.2500    		 -3.0000 
 	 170   		 0.8588    	 	 -1.4912   		 0.0000   		 -41.2500    		 -3.0000 
 	 171   		 0.8524    	 	 -1.4971   		 0.0000   		 -41.2500    		 -3.0000 
 	 172   		 0.8172    	 	 -1.4912   		 0.0000   		 -41.2500    		 -3.0000 
 	 173   		 0.6668    	 	 -1.4912   		 0.0000   		 -41.2500    		 -3.0000 
 	 174   		 0.1324    	 	 -1.4941   		 0.0000   		 -41.2500    		 -3.0000 
 	 175   		 0.1484    	 	 -1.4971   		 0.0000   		 -41.2500    		 -3.0000 
 	 176   		 1.1916    	 	 -1.4912   		 0.0000   		 -41.2500    		 -3.0000 
 	 177   		 1.6236    	 	 -1.4883   		 0.0000   		 -41.2500    		 -3.0000 
 	 178   		 1.6236    	 	 -1.4854   		 0.0000   		 -41.2500    		 -3.0000 
 	 179   		 -0.0276    	 	 -1.4971   		 0.0000   		 -41.2500    		 -3.0000 
 	 180   		 -0.3796    	 	 -1.5000   		 0.0000   		 -41.2500    		 -3.0000 
 	 181   		 -0.4148    	 	 -1.4971   		 0.0000   		 -41.2500    		 -3.0000 
 	 182   		 -0.3956    	 	 -1.5000   		 0.0000   		 -41.2500    		 -3.0000 
 	 183   		 -0.3060    	 	 -1.4971   		 0.0000   		 -41.2500    		 -3.0000 
 	 184   		 -0.3220    	 	 -1.5000   		 0.0000   		 -41.2500    		 -3.0000 
 	 185   		 -0.1716    	 	 -1.4971   		 0.0000   		 -41.2500    		 -3.0000 
 	 186   		 0.0748    	 	 -1.4971   		 0.0000   		 -41.2500    		 -3.0000 
 	 187   		 0.2156    	 	 -1.4941   		 0.0000   		 -41.2500    		 -3.0000 
 	 188   		 0.4492    	 	 -1.4941   		 0.0000   		 -41.2500    		 -3.0000 
 	 189   		 0.2732    	 	 -1.4971   		 0.0000   		 -41.2500    		 -3.0000 
 	 190   		 1.5788    	 	 -1.4854   		 0.0000   		 -41.2500    		 -3.0000 
 	 191   		 1.6236    	 	 -1.4854   		 0.0000   		 -41.2500    		 -3.0000 
 	 192   		 1.6236    	 	 -1.4883   		 0.0000   		 -41.2500    		 -3.0000 
 	 193   		 1.5436    	 	 -1.4883   		 0.0000   		 -41.2500    		 -3.0000 
 	 194   		 0.3148    	 	 -1.4941   		 0.0000   		 -41.2500    		 -3.0000 
 	 195   		 0.3468    	 	 -1.4971   		 0.0000   		 -41.2500    		 -3.0000 
 	 196   		 0.5964    	 	 -1.4912   		 0.0000   		 -41.2500    		 -3.0000 
 	 197   		 0.7148    	 	 -1.4941   		 0.0000   		 -41.2500    		 -3.0000 
 	 198   		 0.4780    	 	 -1.4941   		 0.0000   		 -41.2500    		 -3.0000 
 	 199   		 0.6476    	 	 -1.4971   		 0.0000   		 -41.2500    		 -3.0000 
 	 200   		 0.5676    	 	 -1.4912   		 0.0000   		 -41.2500    		 -3.0000 
 	 201   		 0.7596    	 	 -1.4941   		 0.0000   		 -41.2500    		 -3.0000 
 	 202   		 0.7820    	 	 -1.4941   		 0.0000   		 -41.2500    		 -3.0000 
 	 203   		 0.7820    	 	 -1.4941   		 0.0000   		 -41.2500    		 -3.0000 
 	 204   		 0.6060    	 	 -1.4941   		 0.0000   		 -41.2500    		 -3.0000 
 	 205   		 0.6220    	 	 -1.4941   		 0.0000   		 -41.2500    		 -3.0000 
 	 206   		 0.4556    	 	 -1.4941   		 0.0000   		 -41.2500    		 -3.0000 
 	 207   		 0.6444    	 	 -1.4941   		 0.0000   		 -41.2500    		 -3.0000 
 	 208   		 0.6380    	 	 -1.4912   		 0.0000   		 -41.2500    		 -3.0000 
 	 209   		 0.7532    	 	 -1.4912   		 0.0000   		 -41.2500    		 -3.0000 
 	 210   		 0.7020    	 	 -1.4941   		 0.0000   		 -41.2500    		 -3.0000 
 	 211   		 0.6316    	 	 -1.4912   		 0.0000   		 -41.2500    		 -3.0000 
 	 212   		 0.5580    	 	 -1.4941   		 0.0000   		 -41.2500    		 -3.0000 
 	 213   		 0.5644    	 	 -1.4912   		 0.0000   		 -41.2500    		 -3.0000 
 	 214   		 0.5548    	 	 -1.4941   		 0.0000   		 -41.2500    		 -3.0000 
 	 215   		 0.6092    	 	 -1.4941   		 0.0000   		 -41.2500    		 -3.0000 
 	 216   		 0.6124    	 	 -1.4941   		 0.0000   		 -41.2500    		 -3.0000 
 	 217   		 0.5964    	 	 -1.4941   		 0.0000   		 -41.2500    		 -3.0000 
 	 218   		 0.6924    	 	 -1.4941   		 0.0000   		 -41.2500    		 -3.0000 
 	 219   		 0.7308    	 	 -1.4971   		 0.0000   		 -41.2500    		 -3.0000 
 	 220   		 0.5900    	 	 -1.4941   		 0.0000   		 -41.2500    		 -3.0000 
 	 221   		 0.6188    	 	 -1.4941   		 0.0000   		 -41.2500    		 -3.0000 
 	 222   		 0.4844    	 	 -1.4941   		 0.0000   		 -41.2500    		 -3.0000 
 	 223   		 0.4748    	 	 -1.4971   		 0.0000   		 -41.2500    		 -3.0000 
 	 224   		 0.5836    	 	 -1.4912   		 0.0000   		 -41.2500    		 -3.0000 
 	 225   		 0.6252    	 	 -1.4912   		 0.0000   		 -41.2500    		 -3.0000 
 	 226   		 0.4396    	 	 -1.4941   		 0.0000   		 -41.2500    		 -3.0000 
 	 227   		 0.3884    	 	 -1.4941   		 0.0000   		 -41.2500    		 -3.0000 
 	 228   		 0.5516    	 	 -1.4941   		 0.0000   		 -41.2500    		 -3.0000 
 	 229   		 0.4204    	 	 -1.4971   		 0.0000   		 -41.2500    		 -3.0000 
 	 230   		 0.1836    	 	 -1.4971   		 0.0000   		 -41.2500    		 -3.0000 
 	 231   		 0.1484    	 	 -1.4971   		 0.0000   		 -41.2500    		 -3.0000 
 	 232   		 0.0716    	 	 -1.4971   		 0.0000   		 -41.2500    		 -3.0000 
 	 233   		 0.2700    	 	 -1.4971   		 0.0000   		 -41.2500    		 -3.0000 
 	 234   		 0.1516    	 	 -1.4971   		 0.0000   		 -41.2500    		 -3.0000 
 	 235   		 0.1580    	 	 -1.4941   		 0.0000   		 -41.2500    		 -3.0000 
 	 236   		 0.1836    	 	 -1.4971   		 0.0000   		 -41.2500    		 -3.0000 
 	 237   		 0.1292    	 	 -1.4971   		 0.0000   		 -41.2500    		 -3.0000 
 	 238   		 0.1516    	 	 -1.4971   		 0.0000   		 -41.2500    		 -3.0000 
 	 239   		 0.0588    	 	 -1.4971   		 0.0000   		 -41.2500    		 -3.0000 
 	 240   		 0.0812    	 	 -1.4971   		 0.0000   		 -41.2500    		 -3.0000 
 	 241   		 0.1452    	 	 -1.4971   		 0.0000   		 -41.2500    		 -3.0000 
 	 242   		 0.2604    	 	 -1.4971   		 0.0000   		 -41.2500    		 -3.0000 
 	 243   		 -0.0532    	 	 -1.5000   		 0.0000   		 -41.2500    		 -3.0000 
 	 244   		 0.0172    	 	 -1.4971   		 0.0000   		 -41.2500    		 -3.0000 
 	 245   		 0.0044    	 	 -1.4971   		 0.0000   		 -41.2500    		 -3.0000 
 	 246   		 0.0748    	 	 -1.4971   		 0.0000   		 -41.2500    		 -3.0000 
 	 247   		 0.1676    	 	 -1.5000   		 0.0000   		 -41.2500    		 -3.0000 
 	 248   		 0.0300    	 	 -1.4941   		 0.0000   		 -41.2500    		 -3.0000 
 	 249   		 0.2156    	 	 -1.4971   		 0.0000   		 -41.2500    		 -3.0000 
 	 250   		 0.2316    	 	 -1.4941   		 0.0000   		 -41.2500    		 -3.0000 
 	 251   		 0.2092    	 	 -1.4941   		 0.0000   		 -41.2500    		 -3.0000 
 	 252   		 0.1228    	 	 -1.4941   		 0.0000   		 -41.2500    		 -3.0000 
 	 253   		 0.2924    	 	 -1.4941   		 0.0000   		 -41.2500    		 -3.0000 
 	 254   		 0.3052    	 	 -1.4941   		 0.0000   		 -41.2500    		 -3.0000 
 	 255   		 0.2540    	 	 -1.4971   		 0.0000   		 -41.2500    		 -3.0000 
 	 256   		 0.2668    	 	 -1.4941   		 0.0000   		 -41.2500    		 -3.0000 
 	 257   		 0.3084    	 	 -1.4971   		 0.0000   		 -41.2500    		 -3.0000 
 	 258   		 0.3852    	 	 -1.4971   		 0.0000   		 -41.2500    		 -3.0000 
 	 259   		 0.2860    	 	 -1.4941   		 0.0000   		 -41.2500    		 -3.0000 
 	 260   		 0.4556    	 	 -1.4941   		 0.0000   		 -41.2500    		 -3.0000 
 	 261   		 0.4460    	 	 -1.4941   		 0.0000   		 -41.2500    		 -3.0000 
 	 262   		 0.3244    	 	 -1.4971   		 0.0000   		 -41.2500    		 -3.0000 
 	 263   		 0.1516    	 	 -1.4941   		 0.0000   		 -41.2500    		 -3.0000 
 	 264   		 0.3628    	 	 -1.4941   		 0.0000   		 -41.2500    		 -3.0000 
 	 265   		 0.3820    	 	 -1.4941   		 0.0000   		 -41.2500    		 -3.0000 
 	 266   		 0.2956    	 	 -1.4941   		 0.0000   		 -41.2500    		 -3.0000 
 	 267   		 0.2220    	 	 -1.4971   		 0.0000   		 -41.2500    		 -3.0000 
 	 268   		 0.2636    	 	 -1.4941   		 0.0000   		 -41.2500    		 -3.0000 
 	 269   		 0.3084    	 	 -1.4941   		 0.0000   		 -41.2500    		 -3.0000 
 	 270   		 0.7276    	 	 -1.4912   		 0.0000   		 -41.2500    		 -3.0000 
 	 271   		 0.2156    	 	 -1.5000   		 0.0000   		 -41.2500    		 -3.0000 
 	 272   		 0.2732    	 	 -1.4971   		 0.0000   		 -41.2500    		 -3.0000 
 	 273   		 0.3436    	 	 -1.4971   		 0.0000   		 -41.2500    		 -3.0000 
 	 274   		 0.1228    	 	 -1.4971   		 0.0000   		 -41.2500    		 -3.0000 
 	 275   		 0.0556    	 	 -1.4971   		 0.0000   		 -41.2500    		 -3.0000 
 	 276   		 0.0588    	 	 -1.4941   		 0.0000   		 -41.2500    		 -3.0000 
 	 277   		 0.1836    	 	 -1.4941   		 0.0000   		 -41.2500    		 -3.0000 
 	 278   		 0.0812    	 	 -1.4941   		 0.0000   		 -41.2500    		 -3.0000 
 	 279   		 0.1612    	 	 -1.4941   		 0.0000   		 -41.2500    		 -3.0000 
 	 280   		 0.4652    	 	 -1.4941   		 0.0000   		 -41.2500    		 -3.0000 
 	 281   		 0.3468    	 	 -1.4941   		 0.0000   		 -41.2500    		 -3.0000 
 	 282   		 -1.6500    	 	 -1.5000   		 0.0000   		 -41.2500    		 -3.0000 
 	 283   		 0.0268    	 	 -1.4971   		 0.0000   		 -41.2500    		 -3.0000 
 	 284   		 -0.6324    	 	 -1.5000   		 0.0000   		 -41.2500    		 -3.0000 
 	 285   		 -0.3348    	 	 -1.4971   		 0.0000   		 -41.2500    		 -3.0000 
 	 286   		 -1.1220    	 	 -1.5000   		 0.0000   		 -41.2500    		 -3.0000 
 	 287   		 -0.5428    	 	 -1.5000   		 0.0000   		 -41.2500    		 -3.0000 
 	 288   		 -0.0116    	 	 -1.4971   		 0.0000   		 -41.2500    		 -3.0000 
 	 289   		 -0.1140    	 	 -1.5000   		 0.0000   		 -41.2500    		 -3.0000 
 	 290   		 -0.0948    	 	 -1.4971   		 0.0000   		 -41.2500    		 -3.0000 
 	 291   		 0.0044    	 	 -1.4971   		 0.0000   		 -41.2500    		 -3.0000 
 	 292   		 0.0268    	 	 -1.4971   		 0.0000   		 -41.2500    		 -3.0000 
 	 293   		 -0.0628    	 	 -1.4971   		 0.0000   		 -41.2500    		 -3.0000 
 	 294   		 0.0044    	 	 -1.4971   		 0.0000   		 -41.2500    		 -3.0000 
 	 295   		 1.6236    	 	 -1.4883   		 0.0000   		 -41.2500    		 -3.0000 
 	 296   		 -0.2772    	 	 -1.5000   		 0.0000   		 -41.2500    		 -3.0000 
 	 297   		 -0.1364    	 	 -1.4971   		 0.0000   		 -41.2500    		 -3.0000 
 	 298   		 -0.0372    	 	 -1.4971   		 0.0000   		 -41.2500    		 -3.0000 
 	 299   		 -0.1364    	 	 -1.4971   		 0.0000   		 -41.2500    		 -3.0000 
 	 300   		 0.1004    	 	 -1.4971   		 0.0000   		 -41.2500    		 -3.0000 
 	 301   		 0.0044    	 	 -1.4971   		 0.0000   		 -41.2500    		 -3.0000 
 	 302   		 0.0012    	 	 -1.4971   		 0.0000   		 -41.2500    		 -3.0000 
 	 303   		 -0.1460    	 	 -1.4971   		 0.0000   		 -41.2500    		 -3.0000 
 	 304   		 -0.0436    	 	 -1.4971   		 0.0000   		 -41.2500    		 -3.0000 
 	 305   		 -0.0660    	 	 -1.4971   		 0.0000   		 -41.2500    		 -3.0000 
 	 306   		 -0.0660    	 	 -1.4971   		 0.0000   		 -41.2500    		 -3.0000 
 	 307   		 0.0396    	 	 -1.4971   		 0.0000   		 -41.2500    		 -3.0000 
 	 308   		 -0.0404    	 	 -1.4971   		 0.0000   		 -41.2500    		 -3.0000 
 	 309   		 -0.2740    	 	 -1.4971   		 0.0000   		 -41.2500    		 -3.0000 
 	 310   		 -0.0596    	 	 -1.4971   		 0.0000   		 -41.2500    		 -3.0000 
 	 311   		 -0.0084    	 	 -1.4971   		 0.0000   		 -41.2500    		 -3.0000 
 	 312   		 0.4364    	 	 -1.4971   		 0.0000   		 -41.2500    		 -3.0000 
 	 313   		 -0.3796    	 	 -1.5000   		 0.0000   		 -41.2500    		 -3.0000 
 	 314   		 -0.1940    	 	 -1.4971   		 0.0000   		 -41.2500    		 -3.0000 
 	 315   		 -0.1300    	 	 -1.4971   		 0.0000   		 -41.2500    		 -3.0000 
 	 316   		 -0.0916    	 	 -1.4971   		 0.0000   		 -41.2500    		 -3.0000 
 	 317   		 -0.0628    	 	 -1.4971   		 0.0000   		 -41.2500    		 -3.0000 
 	 318   		 -0.0980    	 	 -1.4971   		 0.0000   		 -41.2500    		 -3.0000 
 	 319   		 -0.1076    	 	 -1.5000   		 0.0000   		 -41.2500    		 -3.0000 
 	 320   		 -0.2804    	 	 -1.4971   		 0.0000   		 -41.2500    		 -3.0000 
 	 321   		 -0.1012    	 	 -1.4971   		 0.0000   		 -41.2500    		 -3.0000 
 	 322   		 -0.2772    	 	 -1.4971   		 0.0000   		 -41.2500    		 -3.0000 
 	 323   		 1.0732    	 	 -1.4912   		 0.0000   		 -41.2500    		 -3.0000 
 	 324   		 -0.2644    	 	 -1.4971   		 0.0000   		 -41.2500    		 -3.0000 
 	 325   		 -0.1876    	 	 -1.4971   		 0.0000   		 -41.2500    		 -3.0000 
 	 326   		 -0.1492    	 	 -1.4971   		 0.0000   		 -41.2500    		 -3.0000 
 	 327   		 0.0780    	 	 -1.4971   		 0.0000   		 -41.2500    		 -3.0000 
 	 328   		 -0.0084    	 	 -1.4971   		 0.0000   		 -41.2500    		 -3.0000 
 	 329   		 0.0012    	 	 -1.4971   		 0.0000   		 -41.2500    		 -3.0000 
 	 330   		 -0.6100    	 	 -1.5000   		 0.0000   		 -41.2500    		 -3.0000 
 	 331   		 -0.0628    	 	 -1.4971   		 0.0000   		 -41.2500    		 -3.0000 
 	 332   		 -0.0116    	 	 -1.4971   		 0.0000   		 -41.2500    		 -3.0000 
 	 333   		 -0.1812    	 	 -1.4971   		 0.0000   		 -41.2500    		 -3.0000 
 	 334   		 0.0140    	 	 -1.4971   		 0.0000   		 -41.2500    		 -3.0000 
 	 335   		 -0.2644    	 	 -1.4971   		 0.0000   		 -41.2500    		 -3.0000 
 	 336   		 -0.1492    	 	 -1.4971   		 0.0000   		 -41.2500    		 -3.0000 
 	 337   		 0.2956    	 	 -1.4971   		 0.0000   		 -41.2500    		 -3.0000 
 	 338   		 0.7564    	 	 -1.4941   		 0.0000   		 -41.2500    		 -3.0000 
 	 339   		 -0.2292    	 	 -1.4971   		 0.0000   		 -41.2500    		 -3.0000 
 	 340   		 -0.1844    	 	 -1.4971   		 0.0000   		 -41.2500    		 -3.0000 
 	 341   		 -0.1460    	 	 -1.5000   		 0.0000   		 -41.2500    		 -3.0000 
 	 342   		 -0.1780    	 	 -1.4971   		 0.0000   		 -41.2500    		 -3.0000 
 	 343   		 -0.1556    	 	 -1.5000   		 0.0000   		 -41.2500    		 -3.0000 
 	 344   		 -0.1140    	 	 -1.4971   		 0.0000   		 -41.2500    		 -3.0000 
 	 345   		 -0.1780    	 	 -1.4971   		 0.0000   		 -41.2500    		 -3.0000 
 	 346   		 -0.1204    	 	 -1.4971   		 0.0000   		 -41.2500    		 -3.0000 
 	 347   		 -0.1236    	 	 -1.4971   		 0.0000   		 -41.2500    		 -3.0000 
 	 348   		 -0.0916    	 	 -1.4971   		 0.0000   		 -41.2500    		 -3.0000 
 	 349   		 -0.1108    	 	 -1.4971   		 0.0000   		 -41.2500    		 -3.0000 
 	 350   		 -0.0692    	 	 -1.4971   		 0.0000   		 -41.2500    		 -3.0000 
 	 351   		 -0.1268    	 	 -1.4971   		 0.0000   		 -41.2500    		 -3.0000 
 	 352   		 -0.1140    	 	 -1.4971   		 0.0000   		 -41.2500    		 -3.0000 
 	 353   		 -0.0820    	 	 -1.4971   		 0.0000   		 -41.2500    		 -3.0000 
 	 354   		 -0.1940    	 	 -1.4971   		 0.0000   		 -41.2500    		 -3.0000 
 	 355   		 -0.3156    	 	 -1.4971   		 0.0000   		 -41.2500    		 -3.0000 
 	 356   		 -0.1652    	 	 -1.4971   		 0.0000   		 -41.2500    		 -3.0000 
 	 357   		 -0.0084    	 	 -1.4971   		 0.0000   		 -41.2500    		 -3.0000 
 	 358   		 -0.1140    	 	 -1.4971   		 0.0000   		 -41.2500    		 -3.0000 
 	 359   		 -0.1780    	 	 -1.4971   		 0.0000   		 -41.2500    		 -3.0000 
 	 360   		 1.6236    	 	 -1.4854   		 0.0000   		 -41.2500    		 -3.0000 
 	 361   		 -0.0116    	 	 -1.5000   		 0.0000   		 -41.2500    		 -3.0000 
 	 362   		 0.6252    	 	 -1.4941   		 0.0000   		 -41.2500    		 -3.0000 
 	 363   		 0.8492    	 	 -1.4912   		 0.0000   		 -41.2500    		 -3.0000 
 	 364   		 -0.1652    	 	 -1.4971   		 0.0000   		 -41.2500    		 -3.0000 
 	 365   		 -0.7444    	 	 -1.5000   		 0.0000   		 -41.2500    		 -3.0000 
 	 366   		 -0.1716    	 	 -1.4971   		 0.0000   		 -41.2500    		 -3.0000 
 	 367   		 0.0780    	 	 -1.4941   		 0.0000   		 -41.2500    		 -3.0000 
 	 368   		 -0.0884    	 	 -1.4971   		 0.0000   		 -41.2500    		 -3.0000 
 	 369   		 -0.0660    	 	 -1.4971   		 0.0000   		 -41.2500    		 -3.0000 
 	 370   		 -0.0628    	 	 -1.4971   		 0.0000   		 -41.2500    		 -3.0000 
 	 371   		 -0.0020    	 	 -1.4971   		 0.0000   		 -41.2500    		 -3.0000 
 	 372   		 -0.0052    	 	 -1.4971   		 0.0000   		 -41.2500    		 -3.0000 
 	 373   		 -0.0308    	 	 -1.4971   		 0.0000   		 -41.2500    		 -3.0000 
 	 374   		 -0.0596    	 	 -1.4971   		 0.0000   		 -41.2500    		 -3.0000 
 	 375   		 -0.0660    	 	 -1.4971   		 0.0000   		 -41.2500    		 -3.0000 
 	 376   		 0.0300    	 	 -1.4971   		 0.0000   		 -41.2500    		 -3.0000 
 	 377   		 -0.1620    	 	 -1.4971   		 0.0000   		 -41.2500    		 -3.0000 
 	 378   		 -0.0692    	 	 -1.4971   		 0.0000   		 -41.2500    		 -3.0000 
 	 379   		 -0.1364    	 	 -1.4971   		 0.0000   		 -41.2500    		 -3.0000 
 	 380   		 -0.0116    	 	 -1.4971   		 0.0000   		 -41.2500    		 -3.0000 
 	 381   		 -0.3220    	 	 -1.4971   		 0.0000   		 -41.2500    		 -3.0000 
 	 382   		 0.3660    	 	 -1.4941   		 0.0000   		 -41.2500    		 -3.0000 
 	 383   		 -0.2260    	 	 -1.4971   		 0.0000   		 -41.2500    		 -3.0000 
 	 384   		 -0.1076    	 	 -1.4971   		 0.0000   		 -41.2500    		 -3.0000 
 	 385   		 -0.1204    	 	 -1.5000   		 0.0000   		 -41.2500    		 -3.0000 
 	 386   		 -0.0148    	 	 -1.4971   		 0.0000   		 -41.2500    		 -3.0000 
 	 387   		 -0.0948    	 	 -1.4971   		 0.0000   		 -41.2500    		 -3.0000 
 	 388   		 -0.0084    	 	 -1.4971   		 0.0000   		 -41.2500    		 -3.0000 
 	 389   		 -0.0372    	 	 -1.5000   		 0.0000   		 -41.2500    		 -3.0000 
 	 390   		 -0.0180    	 	 -1.4971   		 0.0000   		 -41.2500    		 -3.0000 
 	 391   		 -0.0340    	 	 -1.4971   		 0.0000   		 -41.2500    		 -3.0000 
 	 392   		 -0.0340    	 	 -1.4971   		 0.0000   		 -41.2500    		 -3.0000 
 	 393   		 -0.0116    	 	 -1.4971   		 0.0000   		 -41.2500    		 -3.0000 
 	 394   		 -0.0660    	 	 -1.4971   		 0.0000   		 -41.2500    		 -3.0000 
 	 395   		 -0.0212    	 	 -1.4971   		 0.0000   		 -41.2500    		 -3.0000 
 	 396   		 -0.0212    	 	 -1.4971   		 0.0000   		 -41.2500    		 -3.0000 
 	 397   		 -0.0244    	 	 -1.4971   		 0.0000   		 -41.2500    		 -3.0000 
 	 398   		 -0.0820    	 	 -1.4971   		 0.0000   		 -41.2500    		 -3.0000 
 	 399   		 -0.0820    	 	 -1.4971   		 0.0000   		 -41.2500    		 -3.0000 
 	 400   		 -0.0212    	 	 -1.4971   		 0.0000   		 -41.2500    		 -3.0000 
 	 401   		 0.0364    	 	 -1.4971   		 0.0000   		 -41.2500    		 -3.0000 
 	 402   		 -0.6004    	 	 -1.5000   		 0.0000   		 -41.2500    		 -3.0000 
 	 403   		 0.1644    	 	 -1.4971   		 0.0000   		 -41.2500    		 -3.0000 
 	 404   		 -0.3604    	 	 -1.4971   		 0.0000   		 -41.2500    		 -3.0000 
 	 405   		 0.6508    	 	 -1.4941   		 0.0000   		 -41.2500    		 -3.0000 
 	 406   		 0.1996    	 	 -1.4941   		 0.0000   		 -41.2500    		 -3.0000 
 	 407   		 0.3212    	 	 -1.4941   		 0.0000   		 -41.2500    		 -3.0000 
 	 408   		 0.1356    	 	 -1.4941   		 0.0000   		 -41.2500    		 -3.0000 
 	 409   		 -0.3956    	 	 -1.5000   		 0.0000   		 -41.2500    		 -3.0000 
 	 410   		 -0.2932    	 	 -1.4971   		 0.0000   		 -41.2500    		 -3.0000 
 	 411   		 0.7500    	 	 -1.4941   		 0.0000   		 -41.2500    		 -3.0000 
 	 412   		 0.0460    	 	 -1.4971   		 0.0000   		 -41.2500    		 -3.0000 
 	 413   		 0.0524    	 	 -1.5000   		 0.0000   		 -41.2500    		 -3.0000 
 	 414   		 -0.6324    	 	 -1.5000   		 0.0000   		 -41.2500    		 -3.0000 
 	 415   		 0.0652    	 	 -1.4971   		 0.0000   		 -41.2500    		 -3.0000 
 	 416   		 -0.2100    	 	 -1.4971   		 0.0000   		 -41.2500    		 -3.0000 
 	 417   		 0.8268    	 	 -1.4912   		 0.0000   		 -41.2500    		 -3.0000 
 	 418   		 -0.0372    	 	 -1.4971   		 0.0000   		 -41.2500    		 -3.0000 
 	 419   		 -0.2996    	 	 -1.4971   		 0.0000   		 -41.2500    		 -3.0000 
 	 420   		 -0.1908    	 	 -1.4971   		 0.0000   		 -41.2500    		 -3.0000 
 	 421   		 0.4300    	 	 -1.4912   		 0.0000   		 -41.2500    		 -3.0000 
 	 422   		 -0.0244    	 	 -1.4971   		 0.0000   		 -41.2500    		 -3.0000 
 	 423   		 0.2796    	 	 -1.4971   		 0.0000   		 -41.2500    		 -3.0000 
 	 424   		 1.0476    	 	 -1.4912   		 0.0000   		 -41.2500    		 -3.0000 
 	 425   		 -0.5172    	 	 -1.5000   		 0.0000   		 -41.2500    		 -3.0000 
 	 426   		 -0.1268    	 	 -1.4971   		 0.0000   		 -41.2500    		 -3.0000 
 	 427   		 -0.7188    	 	 -1.5000   		 0.0000   		 -41.2500    		 -3.0000 
 	 428   		 -0.1044    	 	 -1.4971   		 0.0000   		 -41.2500    		 -3.0000 
 	 429   		 0.2668    	 	 -1.4971   		 0.0000   		 -41.2500    		 -3.0000 
 	 430   		 -0.9268    	 	 -1.5000   		 0.0000   		 -41.2500    		 -3.0000 
 	 431   		 0.4108    	 	 -1.4971   		 0.0000   		 -41.2500    		 -3.0000 
 	 432   		 0.5516    	 	 -1.4912   		 0.0000   		 -41.2500    		 -3.0000 
 	 433   		 0.6700    	 	 -1.4971   		 0.0000   		 -41.2500    		 -3.0000 
 	 434   		 0.0108    	 	 -1.4941   		 0.0000   		 -41.2500    		 -3.0000 
 	 435   		 -0.0500    	 	 -1.4971   		 0.0000   		 -41.2500    		 -3.0000 
 	 436   		 -0.5748    	 	 -1.5000   		 0.0000   		 -41.2500    		 -3.0000 
 	 437   		 0.0716    	 	 -1.5000   		 0.0000   		 -41.2500    		 -3.0000 
 	 438   		 -0.2964    	 	 -1.4971   		 0.0000   		 -41.2500    		 -3.0000 
 	 439   		 0.2092    	 	 -1.4971   		 0.0000   		 -41.2500    		 -3.0000 
 	 440   		 -0.5108    	 	 -1.5000   		 0.0000   		 -41.2500    		 -3.0000 
 	 441   		 0.7244    	 	 -1.4941   		 0.0000   		 -41.2500    		 -3.0000 
 	 442   		 0.1388    	 	 -1.4971   		 0.0000   		 -41.2500    		 -3.0000 
 	 443   		 -0.1012    	 	 -1.4971   		 0.0000   		 -41.2500    		 -3.0000 
 	 444   		 0.3052    	 	 -1.4971   		 0.0000   		 -41.2500    		 -3.0000 
 	 445   		 -0.4276    	 	 -1.4971   		 0.0000   		 -41.2500    		 -3.0000 
 	 446   		 -0.5684    	 	 -1.5000   		 0.0000   		 -41.2500    		 -3.0000 
 	 447   		 -0.6420    	 	 -1.5000   		 0.0000   		 -41.2500    		 -3.0000 
 	 448   		 -0.8020    	 	 -1.5000   		 0.0000   		 -41.2500    		 -3.0000 
 	 449   		 -0.3892    	 	 -1.4971   		 0.0000   		 -41.2500    		 -3.0000 
 	 450   		 0.3724    	 	 -1.4971   		 0.0000   		 -41.2500    		 -3.0000 
 	 451   		 -0.3540    	 	 -1.4971   		 0.0000   		 -41.2500    		 -3.0000 
 	 452   		 -0.0788    	 	 -1.4971   		 0.0000   		 -41.2500    		 -3.0000 
 	 453   		 0.2476    	 	 -1.4971   		 0.0000   		 -41.2500    		 -3.0000 
 	 454   		 -0.0564    	 	 -1.4971   		 0.0000   		 -41.2500    		 -3.0000 
 	 455   		 0.0524    	 	 -1.5000   		 0.0000   		 -41.2500    		 -3.0000 
 	 456   		 0.0044    	 	 -1.4971   		 0.0000   		 -41.2500    		 -3.0000 
 	 457   		 0.0012    	 	 -1.4971   		 0.0000   		 -41.2500    		 -3.0000 
 	 458   		 -0.1780    	 	 -1.4971   		 0.0000   		 -41.2500    		 -3.0000 
 	 459   		 -0.0468    	 	 -1.4971   		 0.0000   		 -41.2500    		 -3.0000 
 	 460   		 -0.0372    	 	 -1.4971   		 0.0000   		 -41.2500    		 -3.0000 
 	 461   		 -0.0436    	 	 -1.5000   		 0.0000   		 -41.2500    		 -3.0000 
 	 462   		 -0.1492    	 	 -1.4971   		 0.0000   		 -41.2500    		 -3.0000 
 	 463   		 -0.1780    	 	 -1.4971   		 0.0000   		 -41.2500    		 -3.0000 
 	 464   		 0.0076    	 	 -1.4971   		 0.0000   		 -41.2500    		 -3.0000 
 	 465   		 -0.0660    	 	 -1.4971   		 0.0000   		 -41.2500    		 -3.0000 
 	 466   		 -0.0340    	 	 -1.4971   		 0.0000   		 -41.2500    		 -3.0000 
 	 467   		 -0.0948    	 	 -1.4971   		 0.0000   		 -41.2500    		 -3.0000 
 	 468   		 -0.0564    	 	 -1.4971   		 0.0000   		 -41.2500    		 -3.0000 
 	 469   		 0.0428    	 	 -1.4971   		 0.0000   		 -41.2500    		 -3.0000 
 	 470   		 0.0140    	 	 -1.4971   		 0.0000   		 -41.2500    		 -3.0000 
 	 471   		 0.0492    	 	 -1.4971   		 0.0000   		 -41.2500    		 -3.0000 
 	 472   		 0.0236    	 	 -1.4971   		 0.0000   		 -41.2500    		 -3.0000 
 	 473   		 -0.0980    	 	 -1.4971   		 0.0000   		 -41.2500    		 -3.0000 
 	 474   		 -0.0244    	 	 -1.4971   		 0.0000   		 -41.2500    		 -3.0000 
 	 475   		 -0.0340    	 	 -1.4971   		 0.0000   		 -41.2500    		 -3.0000 
 	 476   		 0.0108    	 	 -1.4971   		 0.0000   		 -41.2500    		 -3.0000 
 	 477   		 0.0172    	 	 -1.4971   		 0.0000   		 -41.2500    		 -3.0000 
 	 478   		 -0.0020    	 	 -1.4971   		 0.0000   		 -41.2500    		 -3.0000 
 	 479   		 0.0812    	 	 -1.5000   		 0.0000   		 -41.2500    		 -3.0000 
 	 480   		 0.0364    	 	 -1.4971   		 0.0000   		 -41.2500    		 -3.0000 
 	 481   		 0.0140    	 	 -1.4971   		 0.0000   		 -41.2500    		 -3.0000 
 	 482   		 -0.0884    	 	 -1.4971   		 0.0000   		 -41.2500    		 -3.0000 
 	 483   		 0.0620    	 	 -1.5000   		 0.0000   		 -41.2500    		 -3.0000 
 	 484   		 -0.1140    	 	 -1.4971   		 0.0000   		 -41.2500    		 -3.0000 
 	 485   		 0.0492    	 	 -1.5000   		 0.0000   		 -41.2500    		 -3.0000 
 	 486   		 -0.0532    	 	 -1.4971   		 0.0000   		 -41.2500    		 -3.0000 
 	 487   		 0.0300    	 	 -1.4971   		 0.0000   		 -41.2500    		 -3.0000 
 	 488   		 -0.1268    	 	 -1.4971   		 0.0000   		 -41.2500    		 -3.0000 
 	 489   		 -0.0020    	 	 -1.4971   		 0.0000   		 -41.2500    		 -3.0000 
 	 490   		 -0.0244    	 	 -1.4971   		 0.0000   		 -41.2500    		 -3.0000 
 	 491   		 0.1036    	 	 -1.4971   		 0.0000   		 -41.2500    		 -3.0000 
 	 492   		 -0.0276    	 	 -1.4971   		 0.0000   		 -41.2500    		 -3.0000 
 	 493   		 0.0556    	 	 -1.4971   		 0.0000   		 -41.2500    		 -3.0000 
 	 494   		 -0.0212    	 	 -1.4971   		 0.0000   		 -41.2500    		 -3.0000 
 	 495   		 0.0172    	 	 -1.4971   		 0.0000   		 -41.2500    		 -3.0000 
 	 496   		 0.0236    	 	 -1.4971   		 0.0000   		 -41.2500    		 -3.0000 
 	 497   		 0.0332    	 	 -1.4971   		 0.0000   		 -41.2500    		 -3.0000 
 	 498   		 0.0620    	 	 -1.4971   		 0.0000   		 -41.2500    		 -3.0000 
 	 499   		 0.0396    	 	 -1.4971   		 0.0000   		 -41.2500    		 -3.0000 
 	 500   		 0.0364    	 	 -1.4971   		 0.0000   		 -41.2500    		 -3.0000 
 	 501   		 0.0268    	 	 -1.4971   		 0.0000   		 -41.2500    		 -3.0000 
 	 502   		 0.0140    	 	 -1.4971   		 0.0000   		 -41.2500    		 -3.0000 
 	 503   		 -0.0244    	 	 -1.5000   		 0.0000   		 -41.2500    		 -3.0000 
 	 504   		 0.0396    	 	 -1.4971   		 0.0000   		 -41.2500    		 -3.0000 
 	 505   		 -0.0052    	 	 -1.4971   		 0.0000   		 -41.2500    		 -3.0000 
 	 506   		 0.0652    	 	 -1.4971   		 0.0000   		 -41.2500    		 -3.0000 
 	 507   		 0.0524    	 	 -1.5000   		 0.0000   		 -41.2500    		 -3.0000 
 	 508   		 0.0524    	 	 -1.4971   		 0.0000   		 -41.2500    		 -3.0000 
 	 509   		 0.0108    	 	 -1.4971   		 0.0000   		 -41.2500    		 -3.0000 
 	 510   		 0.0428    	 	 -1.4971   		 0.0000   		 -41.2500    		 -3.0000 
 	 511   		 0.0748    	 	 -1.4971   		 0.0000   		 -41.2500    		 -3.0000 
 	 512   		 0.1420    	 	 -1.4941   		 0.0000   		 -41.2500    		 -3.0000 
 	 513   		 0.0748    	 	 -1.4971   		 0.0000   		 -41.2500    		 -3.0000 
 	 514   		 0.0940    	 	 -1.4971   		 0.0000   		 -41.2500    		 -3.0000 
 	 515   		 0.1036    	 	 -1.4971   		 0.0000   		 -41.2500    		 -3.0000 
 	 516   		 0.0780    	 	 -1.4971   		 0.0000   		 -41.2500    		 -3.0000 
 	 517   		 0.1580    	 	 -1.4971   		 0.0000   		 -41.2500    		 -3.0000 
 	 518   		 0.1740    	 	 -1.4971   		 0.0000   		 -41.2500    		 -3.0000 
 	 519   		 0.0876    	 	 -1.4971   		 0.0000   		 -41.2500    		 -3.0000 
 	 520   		 0.1164    	 	 -1.4971   		 0.0000   		 -41.2500    		 -3.0000 
 	 521   		 0.1036    	 	 -1.4971   		 0.0000   		 -41.2500    		 -3.0000 
 	 522   		 0.1132    	 	 -1.4971   		 0.0000   		 -41.2500    		 -3.0000 
 	 523   		 0.1164    	 	 -1.4941   		 0.0000   		 -41.2500    		 -3.0000 
 	 524   		 0.1228    	 	 -1.4971   		 0.0000   		 -41.2500    		 -3.0000 
 	 525   		 0.0620    	 	 -1.4941   		 0.0000   		 -41.2500    		 -3.0000 
 	 526   		 0.1772    	 	 -1.4971   		 0.0000   		 -41.2500    		 -3.0000 
 	 527   		 0.1292    	 	 -1.5000   		 0.0000   		 -41.2500    		 -3.0000 
 	 528   		 0.1036    	 	 -1.4971   		 0.0000   		 -41.2500    		 -3.0000 
 	 529   		 0.1516    	 	 -1.4971   		 0.0000   		 -41.2500    		 -3.0000 
 	 530   		 0.1292    	 	 -1.4971   		 0.0000   		 -41.2500    		 -3.0000 
 	 531   		 0.1228    	 	 -1.5000   		 0.0000   		 -41.2500    		 -3.0000 
 	 532   		 0.1900    	 	 -1.4971   		 0.0000   		 -41.2500    		 -3.0000 
 	 533   		 0.1804    	 	 -1.4971   		 0.0000   		 -41.2500    		 -3.0000 
 	 534   		 0.1612    	 	 -1.4971   		 0.0000   		 -41.2500    		 -3.0000 
 	 535   		 0.0812    	 	 -1.4971   		 0.0000   		 -41.2500    		 -3.0000 
 	 536   		 0.1004    	 	 -1.4971   		 0.0000   		 -41.2500    		 -3.0000 
 	 537   		 0.1516    	 	 -1.4971   		 0.0000   		 -41.2500    		 -3.0000 
 	 538   		 0.1260    	 	 -1.4941   		 0.0000   		 -41.2500    		 -3.0000 
 	 539   		 0.0972    	 	 -1.4971   		 0.0000   		 -41.2500    		 -3.0000 
 	 540   		 0.3628    	 	 -1.4941   		 0.0000   		 -41.2500    		 -3.0000 
 	 541   		 0.1516    	 	 -1.4971   		 0.0000   		 -41.2500    		 -3.0000 
 	 542   		 0.1580    	 	 -1.4971   		 0.0000   		 -41.2500    		 -3.0000 
 	 543   		 0.1324    	 	 -1.4971   		 0.0000   		 -41.2500    		 -3.0000 
 	 544   		 0.1964    	 	 -1.4971   		 0.0000   		 -41.2500    		 -3.0000 
 	 545   		 0.1004    	 	 -1.4971   		 0.0000   		 -41.2500    		 -3.0000 
 	 546   		 0.1260    	 	 -1.4971   		 0.0000   		 -41.2500    		 -3.0000 
 	 547   		 0.1196    	 	 -1.4971   		 0.0000   		 -41.2500    		 -3.0000 
 	 548   		 0.1964    	 	 -1.4971   		 0.0000   		 -41.2500    		 -3.0000 
 	 549   		 0.1772    	 	 -1.4941   		 0.0000   		 -41.2500    		 -3.0000 
 	 550   		 0.1644    	 	 -1.4971   		 0.0000   		 -41.2500    		 -3.0000 
 	 551   		 0.2124    	 	 -1.4971   		 0.0000   		 -41.2500    		 -3.0000 
 	 552   		 0.1228    	 	 -1.4971   		 0.0000   		 -41.2500    		 -3.0000 
 	 553   		 0.1356    	 	 -1.4971   		 0.0000   		 -41.2500    		 -3.0000 
 	 554   		 0.0972    	 	 -1.4971   		 0.0000   		 -41.2500    		 -3.0000 
 	 555   		 0.1676    	 	 -1.5000   		 0.0000   		 -41.2500    		 -3.0000 
 	 556   		 0.1740    	 	 -1.4971   		 0.0000   		 -41.2500    		 -3.0000 
 	 557   		 0.1932    	 	 -1.4971   		 0.0000   		 -41.2500    		 -3.0000 
 	 558   		 0.1900    	 	 -1.4971   		 0.0000   		 -41.2500    		 -3.0000 
 	 559   		 0.1804    	 	 -1.4971   		 0.0000   		 -41.2500    		 -3.0000 
 	 560   		 0.1548    	 	 -1.4941   		 0.0000   		 -41.2500    		 -3.0000 
 	 561   		 0.1644    	 	 -1.4971   		 0.0000   		 -41.2500    		 -3.0000 
 	 562   		 0.2348    	 	 -1.4941   		 0.0000   		 -41.2500    		 -3.0000 
 	 563   		 0.2348    	 	 -1.4941   		 0.0000   		 -41.2500    		 -3.0000 
 	 564   		 0.1964    	 	 -1.4941   		 0.0000   		 -41.2500    		 -3.0000 
 	 565   		 0.2572    	 	 -1.4941   		 0.0000   		 -41.2500    		 -3.0000 
 	 566   		 0.1484    	 	 -1.4971   		 0.0000   		 -41.2500    		 -3.0000 
 	 567   		 0.2444    	 	 -1.4971   		 0.0000   		 -41.2500    		 -3.0000 
 	 568   		 0.2028    	 	 -1.4971   		 0.0000   		 -41.2500    		 -3.0000 
 	 569   		 0.2124    	 	 -1.4971   		 0.0000   		 -41.2500    		 -3.0000 
 	 570   		 0.2476    	 	 -1.4971   		 0.0000   		 -41.2500    		 -3.0000 
 	 571   		 0.1772    	 	 -1.4971   		 0.0000   		 -41.2500    		 -3.0000 
 	 572   		 0.2252    	 	 -1.4971   		 0.0000   		 -41.2500    		 -3.0000 
 	 573   		 0.1964    	 	 -1.4971   		 0.0000   		 -41.2500    		 -3.0000 
 	 574   		 0.2604    	 	 -1.4971   		 0.0000   		 -41.2500    		 -3.0000 
 	 575   		 0.2988    	 	 -1.4971   		 0.0000   		 -41.2500    		 -3.0000 
 	 576   		 0.1644    	 	 -1.4971   		 0.0000   		 -41.2500    		 -3.0000 
 	 577   		 0.2988    	 	 -1.4941   		 0.0000   		 -41.2500    		 -3.0000 
 	 578   		 0.2540    	 	 -1.4941   		 0.0000   		 -41.2500    		 -3.0000 
 	 579   		 0.2668    	 	 -1.4971   		 0.0000   		 -41.2500    		 -3.0000 
 	 580   		 0.2508    	 	 -1.4971   		 0.0000   		 -41.2500    		 -3.0000 
 	 581   		 0.2828    	 	 -1.4971   		 0.0000   		 -41.2500    		 -3.0000 
 	 582   		 0.2124    	 	 -1.4971   		 0.0000   		 -41.2500    		 -3.0000 
 	 583   		 0.1804    	 	 -1.4971   		 0.0000   		 -41.2500    		 -3.0000 
 	 584   		 0.2732    	 	 -1.4971   		 0.0000   		 -41.2500    		 -3.0000 
 	 585   		 0.2860    	 	 -1.4971   		 0.0000   		 -41.2500    		 -3.0000 
 	 586   		 0.2316    	 	 -1.4941   		 0.0000   		 -41.2500    		 -3.0000 
 	 587   		 0.3180    	 	 -1.4971   		 0.0000   		 -41.2500    		 -3.0000 
 	 588   		 0.2572    	 	 -1.4941   		 0.0000   		 -41.2500    		 -3.0000 
 	 589   		 0.2316    	 	 -1.4971   		 0.0000   		 -41.2500    		 -3.0000 
 	 590   		 0.3276    	 	 -1.4941   		 0.0000   		 -41.2500    		 -3.0000 
 	 591   		 0.2604    	 	 -1.4941   		 0.0000   		 -41.2500    		 -3.0000 
 	 592   		 0.3052    	 	 -1.4971   		 0.0000   		 -41.2500    		 -3.0000 
 	 593   		 0.2892    	 	 -1.4971   		 0.0000   		 -41.2500    		 -3.0000 
 	 594   		 0.3500    	 	 -1.4941   		 0.0000   		 -41.2500    		 -3.0000 
 	 595   		 0.4172    	 	 -1.4971   		 0.0000   		 -41.2500    		 -3.0000 
 	 596   		 0.4076    	 	 -1.4971   		 0.0000   		 -41.2500    		 -3.0000 
 	 597   		 0.3948    	 	 -1.4971   		 0.0000   		 -41.2500    		 -3.0000 
 	 598   		 0.5004    	 	 -1.4971   		 0.0000   		 -41.2500    		 -3.0000 
 	 599   		 0.6604    	 	 -1.4912   		 0.0000   		 -41.2500    		 -3.0000 
 	 600   		 1.6236    	 	 -1.4883   		 0.0000   		 -41.2500    		 -3.0000 
 	 601   		 -0.6612    	 	 -1.5000   		 0.0000   		 -41.2500    		 -3.0000 
 	 602   		 -0.7732    	 	 -1.5000   		 0.0000   		 -41.2500    		 -3.0000 
 	 603   		 1.6236    	 	 -1.4854   		 0.0000   		 -41.2500    		 -3.0000 
 	 604   		 0.2316    	 	 -1.4971   		 0.0000   		 -41.2500    		 -3.0000 
 	 605   		 0.2028    	 	 -1.4971   		 0.0000   		 -41.2500    		 -3.0000 
 	 606   		 0.8332    	 	 -1.4941   		 0.0000   		 -41.2500    		 -3.0000 
 	 607   		 1.1244    	 	 -1.4883   		 0.0000   		 -41.2500    		 -3.0000 
 	 608   		 -0.2228    	 	 -1.4971   		 0.0000   		 -41.2500    		 -3.0000 
 	 609   		 0.5388    	 	 -1.4971   		 0.0000   		 -41.2500    		 -3.0000 
 	 610   		 0.3948    	 	 -1.4971   		 0.0000   		 -41.2500    		 -3.0000 
 	 611   		 -0.9044    	 	 -1.5000   		 0.0000   		 -41.2500    		 -3.0000 
 	 612   		 -0.1908    	 	 -1.4971   		 0.0000   		 -41.2500    		 -3.0000 
 	 613   		 -0.4468    	 	 -1.5000   		 0.0000   		 -41.2500    		 -3.0000 
 	 614   		 -0.0564    	 	 -1.4971   		 0.0000   		 -41.2500    		 -3.0000 
 	 615   		 -0.0276    	 	 -1.4971   		 0.0000   		 -41.2500    		 -3.0000 
 	 616   		 0.3084    	 	 -1.4941   		 0.0000   		 -41.2500    		 -3.0000 
 	 617   		 0.5196    	 	 -1.4941   		 0.0000   		 -41.2500    		 -3.0000 
 	 618   		 -0.5460    	 	 -1.5000   		 0.0000   		 -41.2500    		 -3.0000 
 	 619   		 0.0748    	 	 -1.4971   		 0.0000   		 -41.2500    		 -3.0000 
 	 620   		 0.4332    	 	 -1.4941   		 0.0000   		 -41.2500    		 -3.0000 
 	 621   		 -0.0308    	 	 -1.5000   		 0.0000   		 -41.2500    		 -3.0000 
 	 622   		 -0.1460    	 	 -1.4971   		 0.0000   		 -41.2500    		 -3.0000 
 	 623   		 -0.3412    	 	 -1.4971   		 0.0000   		 -41.2500    		 -3.0000 
 	 624   		 0.1516    	 	 -1.4971   		 0.0000   		 -41.2500    		 -3.0000 
 	 625   		 0.2476    	 	 -1.4971   		 0.0000   		 -41.2500    		 -3.0000 
 	 626   		 -0.1140    	 	 -1.4971   		 0.0000   		 -41.2500    		 -3.0000 
 	 627   		 0.0172    	 	 -1.4971   		 0.0000   		 -41.2500    		 -3.0000 
 	 628   		 0.4172    	 	 -1.4941   		 0.0000   		 -41.2500    		 -3.0000 
 	 629   		 -0.1492    	 	 -1.4971   		 0.0000   		 -41.2500    		 -3.0000 
 	 630   		 -0.0916    	 	 -1.4971   		 0.0000   		 -41.2500    		 -3.0000 
 	 631   		 -0.2292    	 	 -1.4971   		 0.0000   		 -41.2500    		 -3.0000 
 	 632   		 0.0044    	 	 -1.4971   		 0.0000   		 -41.2500    		 -3.0000 
 	 633   		 0.0556    	 	 -1.4971   		 0.0000   		 -41.2500    		 -3.0000 
 	 634   		 0.1548    	 	 -1.4971   		 0.0000   		 -41.2500    		 -3.0000 
 	 635   		 -0.0020    	 	 -1.4971   		 0.0000   		 -41.2500    		 -3.0000 
 	 636   		 0.0556    	 	 -1.4971   		 0.0000   		 -41.2500    		 -3.0000 
 	 637   		 -0.2260    	 	 -1.4971   		 0.0000   		 -41.2500    		 -3.0000 
 	 638   		 -0.5812    	 	 -1.4971   		 0.0000   		 -41.2500    		 -3.0000 
 	 639   		 -0.6132    	 	 -1.5000   		 0.0000   		 -41.2500    		 -3.0000 
 	 640   		 -0.0596    	 	 -1.4971   		 0.0000   		 -41.2500    		 -3.0000 
 	 641   		 0.0684    	 	 -1.4941   		 0.0000   		 -41.2500    		 -3.0000 
 	 642   		 -1.6500    	 	 -1.5000   		 0.0000   		 -41.2500    		 -3.0000 
 	 643   		 0.8748    	 	 -1.4912   		 0.0000   		 -41.2500    		 -3.0000 
 	 644   		 0.0332    	 	 -1.4971   		 0.0000   		 -41.2500    		 -3.0000 
 	 645   		 0.0460    	 	 -1.5000   		 0.0000   		 -41.2500    		 -3.0000 
 	 646   		 -0.3572    	 	 -1.4971   		 0.0000   		 -41.2500    		 -3.0000 
 	 647   		 0.3148    	 	 -1.4941   		 0.0000   		 -41.2500    		 -3.0000 
 	 648   		 -1.2436    	 	 -1.5000   		 0.0000   		 -41.2500    		 -3.0000 
 	 649   		 0.0268    	 	 -1.5000   		 0.0000   		 -41.2500    		 -3.0000 
 	 650   		 0.0268    	 	 -1.4971   		 0.0000   		 -41.2500    		 -3.0000 
 	 651   		 0.1516    	 	 -1.4971   		 0.0000   		 -41.2500    		 -3.0000 
 	 652   		 -0.0564    	 	 -1.4971   		 0.0000   		 -41.2500    		 -3.0000 
 	 653   		 -0.0532    	 	 -1.4971   		 0.0000   		 -41.2500    		 -3.0000 
 	 654   		 -0.2548    	 	 -1.4971   		 0.0000   		 -41.2500    		 -3.0000 
 	 655   		 0.0492    	 	 -1.4971   		 0.0000   		 -41.2500    		 -3.0000 
 	 656   		 0.0652    	 	 -1.4971   		 0.0000   		 -41.2500    		 -3.0000 
 	 657   		 0.1964    	 	 -1.4971   		 0.0000   		 -41.2500    		 -3.0000 
 	 658   		 0.0876    	 	 -1.4971   		 0.0000   		 -41.2500    		 -3.0000 
 	 659   		 0.2092    	 	 -1.4971   		 0.0000   		 -41.2500    		 -3.0000 
 	 660   		 -0.1044    	 	 -1.4971   		 0.0000   		 -41.2500    		 -3.0000 
 	 661   		 -0.1268    	 	 -1.4971   		 0.0000   		 -41.2500    		 -3.0000 
 	 662   		 0.3276    	 	 -1.4971   		 0.0000   		 -41.2500    		 -3.0000 
 	 663   		 0.2092    	 	 -1.4971   		 0.0000   		 -41.2500    		 -3.0000 
 	 664   		 1.0892    	 	 -1.4883   		 0.0000   		 -41.2500    		 -3.0000 
 	 665   		 0.0012    	 	 -1.4971   		 0.0000   		 -41.2500    		 -3.0000 
 	 666   		 -0.0148    	 	 -1.4971   		 0.0000   		 -41.2500    		 -3.0000 
 	 667   		 -0.1460    	 	 -1.4971   		 0.0000   		 -41.2500    		 -3.0000 
 	 668   		 0.4236    	 	 -1.4941   		 0.0000   		 -41.2500    		 -3.0000 
 	 669   		 -0.3636    	 	 -1.5000   		 0.0000   		 -41.2500    		 -3.0000 
 	 670   		 -0.1524    	 	 -1.4971   		 0.0000   		 -41.2500    		 -3.0000 
 	 671   		 0.0876    	 	 -1.4971   		 0.0000   		 -41.2500    		 -3.0000 
 	 672   		 -1.0548    	 	 -1.5000   		 0.0000   		 -41.2500    		 -3.0000 
 	 673   		 -0.0084    	 	 -1.5000   		 0.0000   		 -41.2500    		 -3.0000 
 	 674   		 -0.0084    	 	 -1.4971   		 0.0000   		 -41.2500    		 -3.0000 
 	 675   		 1.6236    	 	 -1.4883   		 0.0000   		 -41.2500    		 -3.0000 
 	 676   		 0.0748    	 	 -1.4971   		 0.0000   		 -41.2500    		 -3.0000 
 	 677   		 0.0812    	 	 -1.4971   		 0.0000   		 -41.2500    		 -3.0000 
 	 678   		 0.1356    	 	 -1.4971   		 0.0000   		 -41.2500    		 -3.0000 
 	 679   		 0.0748    	 	 -1.4941   		 0.0000   		 -41.2500    		 -3.0000 
 	 680   		 -0.1684    	 	 -1.4971   		 0.0000   		 -41.2500    		 -3.0000 
 	 681   		 0.2284    	 	 -1.4941   		 0.0000   		 -41.2500    		 -3.0000 
 	 682   		 -0.4116    	 	 -1.4971   		 0.0000   		 -41.2500    		 -3.0000 
 	 683   		 -0.7668    	 	 -1.5000   		 0.0000   		 -41.2500    		 -3.0000 
 	 684   		 -1.1700    	 	 -1.5000   		 0.0000   		 -41.2500    		 -3.0000 
 	 685   		 0.2636    	 	 -1.4971   		 0.0000   		 -41.2500    		 -3.0000 
 	 686   		 -0.8308    	 	 -1.5000   		 0.0000   		 -41.2500    		 -3.0000 
 	 687   		 -0.7668    	 	 -1.5000   		 0.0000   		 -41.2500    		 -3.0000 
 	 688   		 -0.0564    	 	 -1.4971   		 0.0000   		 -41.2500    		 -3.0000 
 	 689   		 1.3100    	 	 -1.4912   		 0.0000   		 -41.2500    		 -3.0000 
 	 690   		 0.2668    	 	 -1.4941   		 0.0000   		 -41.2500    		 -3.0000 
 	 691   		 0.3724    	 	 -1.4941   		 0.0000   		 -41.2500    		 -3.0000 
 	 692   		 1.6236    	 	 -1.4824   		 0.0000   		 -41.2500    		 -3.0000 
 	 693   		 0.1356    	 	 -1.4971   		 0.0000   		 -41.2500    		 -3.0000 
 	 694   		 -0.1268    	 	 -1.4971   		 0.0000   		 -41.2500    		 -3.0000 
 	 695   		 0.0076    	 	 -1.4971   		 0.0000   		 -41.2500    		 -3.0000 
 	 696   		 -0.2164    	 	 -1.4971   		 0.0000   		 -41.2500    		 -3.0000 
 	 697   		 0.9164    	 	 -1.4971   		 0.0000   		 -41.2500    		 -3.0000 
 	 698   		 -0.1236    	 	 -1.4971   		 0.0000   		 -41.2500    		 -3.0000 
 	 699   		 0.0172    	 	 -1.4971   		 0.0000   		 -41.2500    		 -3.0000 
 	 700   		 -0.0372    	 	 -1.4971   		 0.0000   		 -41.2500    		 -3.0000 
 	 701   		 -0.4948    	 	 -1.5000   		 0.0000   		 -41.2500    		 -3.0000 
 	 702   		 0.0268    	 	 -1.4971   		 0.0000   		 -41.2500    		 -3.0000 
 	 703   		 0.0428    	 	 -1.4971   		 0.0000   		 -41.2500    		 -3.0000 
 	 704   		 -0.1044    	 	 -1.4971   		 0.0000   		 -41.2500    		 -3.0000 
 	 705   		 -0.3636    	 	 -1.4971   		 0.0000   		 -41.2500    		 -3.0000 
 	 706   		 -0.1812    	 	 -1.4971   		 0.0000   		 -41.2500    		 -3.0000 
 	 707   		 0.7948    	 	 -1.4912   		 0.0000   		 -41.2500    		 -3.0000 
 	 708   		 -0.1012    	 	 -1.4971   		 0.0000   		 -41.2500    		 -3.0000 
 	 709   		 -0.1300    	 	 -1.4971   		 0.0000   		 -41.2500    		 -3.0000 
 	 710   		 -0.0564    	 	 -1.4971   		 0.0000   		 -41.2500    		 -3.0000 
 	 711   		 -0.0628    	 	 -1.4971   		 0.0000   		 -41.2500    		 -3.0000 
 	 712   		 -0.0916    	 	 -1.4971   		 0.0000   		 -41.2500    		 -3.0000 
 	 713   		 -0.0692    	 	 -1.4971   		 0.0000   		 -41.2500    		 -3.0000 
 	 714   		 -0.0500    	 	 -1.4971   		 0.0000   		 -41.2500    		 -3.0000 
 	 715   		 0.0204    	 	 -1.5000   		 0.0000   		 -41.2500    		 -3.0000 
 	 716   		 -0.1108    	 	 -1.4971   		 0.0000   		 -41.2500    		 -3.0000 
 	 717   		 -0.0116    	 	 -1.5000   		 0.0000   		 -41.2500    		 -3.0000 
 	 718   		 -0.1236    	 	 -1.4971   		 0.0000   		 -41.2500    		 -3.0000 
 	 719   		 -0.0692    	 	 -1.4971   		 0.0000   		 -41.2500    		 -3.0000 
 	 720   		 -0.1332    	 	 -1.4971   		 0.0000   		 -41.2500    		 -3.0000 
 	 721   		 -0.0724    	 	 -1.5000   		 0.0000   		 -41.2500    		 -3.0000 
 	 722   		 -0.0980    	 	 -1.4971   		 0.0000   		 -41.2500    		 -3.0000 
 	 723   		 -0.1332    	 	 -1.4971   		 0.0000   		 -41.2500    		 -3.0000 
 	 724   		 -0.1876    	 	 -1.4971   		 0.0000   		 -41.2500    		 -3.0000 
 	 725   		 -0.3348    	 	 -1.4971   		 0.0000   		 -41.2500    		 -3.0000 
 	 726   		 -0.0948    	 	 -1.4971   		 0.0000   		 -41.2500    		 -3.0000 
 	 727   		 -0.2068    	 	 -1.4971   		 0.0000   		 -41.2500    		 -3.0000 
 	 728   		 -0.0692    	 	 -1.4971   		 0.0000   		 -41.2500    		 -3.0000 
 	 729   		 0.1964    	 	 -1.4941   		 0.0000   		 -41.2500    		 -3.0000 
 	 730   		 -0.1108    	 	 -1.4971   		 0.0000   		 -41.2500    		 -3.0000 
 	 731   		 -0.4180    	 	 -1.4971   		 0.0000   		 -41.2500    		 -3.0000 
 	 732   		 0.0396    	 	 -1.4971   		 0.0000   		 -41.2500    		 -3.0000 
 	 733   		 -0.3732    	 	 -1.4971   		 0.0000   		 -41.2500    		 -3.0000 
 	 734   		 -0.4660    	 	 -1.4971   		 0.0000   		 -41.2500    		 -3.0000 
 	 735   		 -0.0756    	 	 -1.4971   		 0.0000   		 -41.2500    		 -3.0000 
 	 736   		 -1.0420    	 	 -1.5000   		 0.0000   		 -41.2500    		 -3.0000 
 	 737   		 0.2124    	 	 -1.4971   		 0.0000   		 -41.2500    		 -3.0000 
 	 738   		 -0.2260    	 	 -1.4971   		 0.0000   		 -41.2500    		 -3.0000 
 	 739   		 -0.8212    	 	 -1.5000   		 0.0000   		 -41.2500    		 -3.0000 
 	 740   		 1.0252    	 	 -1.4912   		 0.0000   		 -41.2500    		 -3.0000 
 	 741   		 0.1964    	 	 -1.4971   		 0.0000   		 -41.2500    		 -3.0000 
 	 742   		 -0.4212    	 	 -1.4971   		 0.0000   		 -41.2500    		 -3.0000 
 	 743   		 0.3660    	 	 -1.4971   		 0.0000   		 -41.2500    		 -3.0000 
 	 744   		 0.4140    	 	 -1.4941   		 0.0000   		 -41.2500    		 -3.0000 
 	 745   		 -0.9108    	 	 -1.5000   		 0.0000   		 -41.2500    		 -3.0000 
 	 746   		 0.2828    	 	 -1.4941   		 0.0000   		 -41.2500    		 -3.0000 
 	 747   		 -0.2836    	 	 -1.4971   		 0.0000   		 -41.2500    		 -3.0000 
 	 748   		 -0.4180    	 	 -1.5000   		 0.0000   		 -41.2500    		 -3.0000 
 	 749   		 0.5324    	 	 -1.4941   		 0.0000   		 -41.2500    		 -3.0000 
 	 750   		 -0.2036    	 	 -1.4971   		 0.0000   		 -41.2500    		 -3.0000 
 	 751   		 -0.2804    	 	 -1.4971   		 0.0000   		 -41.2500    		 -3.0000 
 	 752   		 0.1932    	 	 -1.4971   		 0.0000   		 -41.2500    		 -3.0000 
 	 753   		 -0.2164    	 	 -1.4971   		 0.0000   		 -41.2500    		 -3.0000 
 	 754   		 0.5900    	 	 -1.4941   		 0.0000   		 -41.2500    		 -3.0000 
 	 755   		 -0.5204    	 	 -1.4971   		 0.0000   		 -41.2500    		 -3.0000 
 	 756   		 0.0460    	 	 -1.4971   		 0.0000   		 -41.2500    		 -3.0000 
 	 757   		 0.2156    	 	 -1.4941   		 0.0000   		 -41.2500    		 -3.0000 
 	 758   		 -0.1044    	 	 -1.4971   		 0.0000   		 -41.2500    		 -3.0000 
 	 759   		 -0.2772    	 	 -1.4971   		 0.0000   		 -41.2500    		 -3.0000 
 	 760   		 0.9324    	 	 -1.4912   		 0.0000   		 -41.2500    		 -3.0000 
 	 761   		 0.0652    	 	 -1.4971   		 0.0000   		 -41.2500    		 -3.0000 
 	 762   		 -0.0596    	 	 -1.4971   		 0.0000   		 -41.2500    		 -3.0000 
 	 763   		 -0.2228    	 	 -1.5000   		 0.0000   		 -41.2500    		 -3.0000 
 	 764   		 -0.5556    	 	 -1.5000   		 0.0000   		 -41.2500    		 -3.0000 
 	 765   		 -0.3188    	 	 -1.5000   		 0.0000   		 -41.2500    		 -3.0000 
 	 766   		 -0.0180    	 	 -1.4971   		 0.0000   		 -41.2500    		 -3.0000 
 	 767   		 0.3436    	 	 -1.5000   		 0.0000   		 -41.2500    		 -3.0000 
 	 768   		 -0.2516    	 	 -1.4971   		 0.0000   		 -41.2500    		 -3.0000 
 	 769   		 -0.2292    	 	 -1.5000   		 0.0000   		 -41.2500    		 -3.0000 
 	 770   		 -0.0692    	 	 -1.4971   		 0.0000   		 -41.2500    		 -3.0000 
 	 771   		 -0.0628    	 	 -1.4971   		 0.0000   		 -41.2500    		 -3.0000 
 	 772   		 -0.0276    	 	 -1.4971   		 0.0000   		 -41.2500    		 -3.0000 
 	 773   		 0.3052    	 	 -1.4941   		 0.0000   		 -41.2500    		 -3.0000 
 	 774   		 0.0620    	 	 -1.4971   		 0.0000   		 -41.2500    		 -3.0000 
 	 775   		 -0.3508    	 	 -1.4971   		 0.0000   		 -41.2500    		 -3.0000 
 	 776   		 0.0044    	 	 -1.4971   		 0.0000   		 -41.2500    		 -3.0000 
 	 777   		 0.0652    	 	 -1.4971   		 0.0000   		 -41.2500    		 -3.0000 
 	 778   		 -0.2740    	 	 -1.4971   		 0.0000   		 -41.2500    		 -3.0000 
 	 779   		 -0.3444    	 	 -1.4971   		 0.0000   		 -41.2500    		 -3.0000 
 	 780   		 -0.4180    	 	 -1.5000   		 0.0000   		 -41.2500    		 -3.0000 
 	 781   		 0.3500    	 	 -1.4941   		 0.0000   		 -41.2500    		 -3.0000 
 	 782   		 0.0684    	 	 -1.4971   		 0.0000   		 -41.2500    		 -3.0000 
 	 783   		 0.1004    	 	 -1.4971   		 0.0000   		 -41.2500    		 -3.0000 
 	 784   		 0.0620    	 	 -1.4971   		 0.0000   		 -41.2500    		 -3.0000 
 	 785   		 1.2140    	 	 -1.4854   		 0.0000   		 -41.2500    		 -3.0000 
 	 786   		 0.0748    	 	 -1.4941   		 0.0000   		 -41.2500    		 -3.0000 
 	 787   		 0.1164    	 	 -1.5000   		 0.0000   		 -41.2500    		 -3.0000 
 	 788   		 -0.2612    	 	 -1.4971   		 0.0000   		 -41.2500    		 -3.0000 
 	 789   		 -0.1588    	 	 -1.4971   		 0.0000   		 -41.2500    		 -3.0000 
 	 790   		 -0.2804    	 	 -1.4971   		 0.0000   		 -41.2500    		 -3.0000 
 	 791   		 0.1100    	 	 -1.5000   		 0.0000   		 -41.2500    		 -3.0000 
 	 792   		 -0.1332    	 	 -1.4971   		 0.0000   		 -41.2500    		 -3.0000 
 	 793   		 -0.0788    	 	 -1.5000   		 0.0000   		 -41.2500    		 -3.0000 
 	 794   		 -0.1652    	 	 -1.4971   		 0.0000   		 -41.2500    		 -3.0000 
 	 795   		 -0.6004    	 	 -1.5000   		 0.0000   		 -41.2500    		 -3.0000 
 	 796   		 0.0876    	 	 -1.4941   		 0.0000   		 -41.2500    		 -3.0000 
 	 797   		 0.3980    	 	 -1.4941   		 0.0000   		 -41.2500    		 -3.0000 
 	 798   		 -0.4468    	 	 -1.4971   		 0.0000   		 -41.2500    		 -3.0000 
 	 799   		 0.0172    	 	 -1.4971   		 0.0000   		 -41.2500    		 -3.0000 
 	 800   		 -0.1940    	 	 -1.4971   		 0.0000   		 -41.2500    		 -3.0000 
 	 801   		 -0.2484    	 	 -1.4971   		 0.0000   		 -41.2500    		 -3.0000 
 	 802   		 -0.1492    	 	 -1.4971   		 0.0000   		 -41.2500    		 -3.0000 
 	 803   		 -0.1780    	 	 -1.4971   		 0.0000   		 -41.2500    		 -3.0000 
 	 804   		 0.2412    	 	 -1.4971   		 0.0000   		 -41.2500    		 -3.0000 
 	 805   		 0.2380    	 	 -1.4971   		 0.0000   		 -41.2500    		 -3.0000 
 	 806   		 0.0300    	 	 -1.4971   		 0.0000   		 -41.2500    		 -3.0000 
 	 807   		 0.6412    	 	 -1.4912   		 0.0000   		 -41.2500    		 -3.0000 
 	 808   		 -0.1428    	 	 -1.4971   		 0.0000   		 -41.2500    		 -3.0000 
 	 809   		 0.8428    	 	 -1.4912   		 0.0000   		 -41.2500    		 -3.0000 
 	 810   		 0.8876    	 	 -1.4912   		 0.0000   		 -41.2500    		 -3.0000 
 	 811   		 0.6124    	 	 -1.4941   		 0.0000   		 -41.2500    		 -3.0000 
 	 812   		 -0.5268    	 	 -1.5000   		 0.0000   		 -41.2500    		 -3.0000 
 	 813   		 -0.5972    	 	 -1.5000   		 0.0000   		 -41.2500    		 -3.0000 
 	 814   		 0.3916    	 	 -1.4971   		 0.0000   		 -41.2500    		 -3.0000 
 	 815   		 -1.2020    	 	 -1.5000   		 0.0000   		 -41.2500    		 -3.0000 
 	 816   		 0.0076    	 	 -1.4971   		 0.0000   		 -41.2500    		 -3.0000 
 	 817   		 -0.0692    	 	 -1.4971   		 0.0000   		 -41.2500    		 -3.0000 
 	 818   		 0.0556    	 	 -1.4971   		 0.0000   		 -41.2500    		 -3.0000 
 	 819   		 0.0876    	 	 -1.4971   		 0.0000   		 -41.2500    		 -3.0000 
 	 820   		 0.1228    	 	 -1.4971   		 0.0000   		 -41.2500    		 -3.0000 
 	 821   		 0.0812    	 	 -1.4971   		 0.0000   		 -41.2500    		 -3.0000 
 	 822   		 -0.1140    	 	 -1.4971   		 0.0000   		 -41.2500    		 -3.0000 
 	 823   		 -0.0884    	 	 -1.4971   		 0.0000   		 -41.2500    		 -3.0000 
 	 824   		 -0.0020    	 	 -1.4971   		 0.0000   		 -41.2500    		 -3.0000 
 	 825   		 0.1196    	 	 -1.4971   		 0.0000   		 -41.2500    		 -3.0000 
 	 826   		 0.2316    	 	 -1.4971   		 0.0000   		 -41.2500    		 -3.0000 
 	 827   		 -0.1556    	 	 -1.4971   		 0.0000   		 -41.2500    		 -3.0000 
 	 828   		 0.1004    	 	 -1.4971   		 0.0000   		 -41.2500    		 -3.0000 
 	 829   		 -0.2868    	 	 -1.4971   		 0.0000   		 -41.2500    		 -3.0000 
 	 830   		 0.0012    	 	 -1.4971   		 0.0000   		 -41.2500    		 -3.0000 
 	 831   		 0.9516    	 	 -1.4912   		 0.0000   		 -41.2500    		 -3.0000 
 	 832   		 -0.1044    	 	 -1.4971   		 0.0000   		 -41.2500    		 -3.0000 
 	 833   		 0.2892    	 	 -1.4941   		 0.0000   		 -41.2500    		 -3.0000 
 	 834   		 -0.0340    	 	 -1.4971   		 0.0000   		 -41.2500    		 -3.0000 
 	 835   		 0.1004    	 	 -1.4971   		 0.0000   		 -41.2500    		 -3.0000 
 	 836   		 -0.7732    	 	 -1.5000   		 0.0000   		 -41.2500    		 -3.0000 
 	 837   		 -0.8116    	 	 -1.5000   		 0.0000   		 -41.2500    		 -3.0000 
 	 838   		 -0.8948    	 	 -1.5000   		 0.0000   		 -41.2500    		 -3.0000 
 	 839   		 -0.5332    	 	 -1.5000   		 0.0000   		 -41.2500    		 -3.0000 
 	 840   		 0.0652    	 	 -1.4971   		 0.0000   		 -41.2500    		 -3.0000 
 	 841   		 0.4300    	 	 -1.4941   		 0.0000   		 -41.2500    		 -3.0000 
 	 842   		 0.0652    	 	 -1.4971   		 0.0000   		 -41.2500    		 -3.0000 
 	 843   		 -0.2836    	 	 -1.5000   		 0.0000   		 -41.2500    		 -3.0000 
 	 844   		 -0.0756    	 	 -1.4971   		 0.0000   		 -41.2500    		 -3.0000 
 	 845   		 0.0780    	 	 -1.4971   		 0.0000   		 -41.2500    		 -3.0000 
 	 846   		 -0.0180    	 	 -1.4971   		 0.0000   		 -41.2500    		 -3.0000 
 	 847   		 -0.1588    	 	 -1.4971   		 0.0000   		 -41.2500    		 -3.0000 
 	 848   		 -0.0852    	 	 -1.4971   		 0.0000   		 -41.2500    		 -3.0000 
 	 849   		 -0.1332    	 	 -1.4971   		 0.0000   		 -41.2500    		 -3.0000 
 	 850   		 -0.1396    	 	 -1.4971   		 0.0000   		 -41.2500    		 -3.0000 
 	 851   		 -0.0020    	 	 -1.4971   		 0.0000   		 -41.2500    		 -3.0000 
 	 852   		 0.0908    	 	 -1.4971   		 0.0000   		 -41.2500    		 -3.0000 
 	 853   		 -0.0756    	 	 -1.4971   		 0.0000   		 -41.2500    		 -3.0000 
 	 854   		 -0.0244    	 	 -1.4971   		 0.0000   		 -41.2500    		 -3.0000 
 	 855   		 0.0364    	 	 -1.4971   		 0.0000   		 -41.2500    		 -3.0000 
 	 856   		 -0.0724    	 	 -1.4971   		 0.0000   		 -41.2500    		 -3.0000 
 	 857   		 -0.0020    	 	 -1.5000   		 0.0000   		 -41.2500    		 -3.0000 
 	 858   		 -0.0436    	 	 -1.4971   		 0.0000   		 -41.2500    		 -3.0000 
